query_idx,gt_llm_rank,gt_llm_score,n_docs,gt_rank_pct,rag_failed,spearman_r,pearson_r,kendall_tau,difficulty,gt_score,n_at_top,n_tied_at_gt,tier_precision,gt_uniquely_top,rank_min,rank_avg,rank_max,score_gap,best_ngt_score,pct_ngt_further,gt_would_win_dist
1,1,1.0,6000,99.95,1,-0.095812567037365,-0.4488325582224347,-0.0781709889454742,MEDIUM,1.0,7,7,0.1428571428571428,0,1.0,4.0,7.0,0.0,1.0,100.0,1.0
2,1,1.0,6000,99.85833333333332,1,-0.189525272902917,-0.4972394376189039,-0.1544312741184636,HARD,1.0,18,18,0.0555555555555555,0,1.0,9.5,18.0,0.0,1.0,100.0,1.0
3,1,1.0,6000,99.99166666666666,1,-0.0910417758622238,-0.1835414960629519,-0.0736796307737516,MEDIUM,1.0,2,2,0.5,0,1.0,1.5,2.0,0.0,1.0,100.0,1.0
4,1,1.0,6000,99.93333333333334,1,-0.0856929935818456,-0.2604710568043236,-0.0694406648429699,MEDIUM,1.0,9,9,0.1111111111111111,0,1.0,5.0,9.0,0.0,1.0,100.0,1.0
5,1,1.0,6000,99.725,1,-0.2198910450065396,-0.4572462683733782,-0.1780916468726089,HARD,1.0,34,34,0.0294117647058823,0,1.0,17.5,34.0,0.0,1.0,100.0,1.0
6,1,1.0,6000,99.90833333333332,1,-0.1076107354919248,-0.2914685659900526,-0.0867919601748735,HARD,1.0,12,12,0.0833333333333333,0,1.0,6.5,12.0,0.0,1.0,100.0,1.0
7,1,1.0,6000,99.94166666666666,1,-0.3445884257593704,-0.4468235760785288,-0.270829847813295,MEDIUM,1.0,8,8,0.125,0,1.0,4.5,8.0,0.0,1.0,100.0,1.0
8,1,1.0,6000,99.74166666666666,1,-0.124558845554557,-0.2933897822410549,-0.0993058438355991,HARD,1.0,32,32,0.03125,0,1.0,16.5,32.0,0.0,1.0,100.0,1.0
9,1,1.0,6000,99.89166666666668,1,-0.2495376397292839,-0.4842949236408767,-0.2031203408125019,HARD,1.0,14,14,0.0714285714285714,0,1.0,7.5,14.0,0.0,1.0,100.0,1.0
10,1,1.0,6000,99.95,1,-0.2148989259745939,-0.3290181130171836,-0.1700392067043706,MEDIUM,1.0,7,7,0.1428571428571428,0,1.0,4.0,7.0,0.0,1.0,100.0,1.0
11,1,1.0,6000,99.975,1,-0.0975051118244463,-0.2017527727756909,-0.079410258342903,MEDIUM,1.0,4,4,0.25,0,1.0,2.5,4.0,0.0,1.0,100.0,1.0
12,1,1.0,6000,99.89166666666668,1,-0.2180873831326512,-0.425336694093351,-0.1765842227652655,HARD,1.0,14,14,0.0714285714285714,0,1.0,7.5,14.0,0.0,1.0,100.0,1.0
13,1,1.0,6000,99.9,1,-0.1930786644125235,-0.429059760699351,-0.1569088758441953,HARD,1.0,13,13,0.0769230769230769,0,1.0,7.0,13.0,0.0,1.0,100.0,1.0
14,1,1.0,6000,99.95,1,-0.2660444689108281,-0.3845504467602833,-0.2078743222649179,MEDIUM,1.0,7,7,0.1428571428571428,0,1.0,4.0,7.0,0.0,1.0,100.0,1.0
15,1,1.0,6000,99.975,1,-0.1508911232878642,-0.2893151022767876,-0.1217006132532346,MEDIUM,1.0,4,4,0.25,0,1.0,2.5,4.0,0.0,1.0,100.0,1.0
16,1,1.0,6000,99.95833333333331,1,-0.1140802874538297,-0.2706963530157664,-0.0913160725133692,MEDIUM,1.0,6,6,0.1666666666666666,0,1.0,3.5,6.0,0.0,1.0,100.0,1.0
17,1,1.0,6000,99.89166666666668,1,-0.122345835391976,-0.330961924811647,-0.0988301767137939,HARD,1.0,14,14,0.0714285714285714,0,1.0,7.5,14.0,0.0,1.0,100.0,1.0
18,1,1.0,6000,99.99166666666666,1,-0.1321165334691486,-0.216588147774211,-0.1060042827843291,MEDIUM,1.0,2,2,0.5,0,1.0,1.5,2.0,0.0,1.0,100.0,1.0
19,1,1.0,6000,99.94166666666666,1,-0.1371836384773511,-0.3226480649638369,-0.1105891647413866,MEDIUM,1.0,8,8,0.125,0,1.0,4.5,8.0,0.0,1.0,100.0,1.0
20,1,1.0,6000,99.95,1,-0.346668072051667,-0.5318112518173059,-0.2780132885069892,MEDIUM,1.0,7,7,0.1428571428571428,0,1.0,4.0,7.0,0.0,1.0,100.0,1.0
21,1,1.0,6000,99.975,1,-0.1784047646565164,-0.3776855935686539,-0.1432146635424662,MEDIUM,1.0,4,4,0.25,0,1.0,2.5,4.0,0.0,1.0,100.0,1.0
22,1,1.0,6000,99.91666666666669,1,-0.2268250212787247,-0.3847927423182744,-0.1817144434911572,HARD,1.0,11,11,0.0909090909090909,0,1.0,6.0,11.0,0.0,1.0,100.0,1.0
23,1,1.0,6000,100.0,1,-0.2749834426069108,-0.411243119677095,-0.2219083238653513,EASY,1.0,1,1,1.0,1,1.0,1.0,1.0,0.1999999999999999,0.8,,
24,1,1.0,6000,99.575,1,-0.1753396782085671,-0.4715044212321884,-0.1405393100983817,HARD,1.0,52,52,0.0192307692307692,0,1.0,26.5,52.0,0.0,1.0,100.0,1.0
25,1,1.0,6000,99.96666666666668,1,-0.1442904835334386,-0.3650938824743872,-0.1170132821267726,MEDIUM,1.0,5,5,0.2,0,1.0,3.0,5.0,0.0,1.0,100.0,1.0
26,1,1.0,6000,99.8,1,-0.1335642508983703,-0.4793087425422542,-0.1087372507175137,HARD,1.0,25,25,0.04,0,1.0,13.0,25.0,0.0,1.0,100.0,1.0
27,1,1.0,6000,99.75833333333333,1,-0.1137788070782714,-0.3637212407464228,-0.0916484624740107,HARD,1.0,30,30,0.0333333333333333,0,1.0,15.5,30.0,0.0,1.0,100.0,1.0
28,1,1.0,6000,99.94166666666666,1,-0.1837412720221879,-0.3498400239488651,-0.1492274506030957,MEDIUM,1.0,8,8,0.125,0,1.0,4.5,8.0,0.0,1.0,100.0,1.0
29,1,1.0,6000,99.91666666666669,1,-0.0880933858469325,-0.2779714993917214,-0.0717910918975728,HARD,1.0,11,11,0.0909090909090909,0,1.0,6.0,11.0,0.0,1.0,100.0,1.0
30,1,1.0,6000,99.90833333333332,1,-0.1743144963377551,-0.3865059964250543,-0.1404064027109831,HARD,1.0,12,12,0.0833333333333333,0,1.0,6.5,12.0,0.0,1.0,100.0,1.0
31,1,1.0,6000,99.86666666666666,1,-0.0551480976472015,-0.2631392046622572,-0.0446876576453826,HARD,1.0,17,17,0.0588235294117647,0,1.0,9.0,17.0,0.0,1.0,100.0,1.0
32,1,1.0,6000,99.96666666666668,1,-0.0637191263257119,-0.1296886805584124,-0.0519189264262193,MEDIUM,1.0,5,5,0.2,0,1.0,3.0,5.0,0.0,1.0,100.0,1.0
33,1,1.0,6000,99.95,1,-0.1176302968597561,-0.2488998166012971,-0.0930023701425396,MEDIUM,1.0,7,7,0.1428571428571428,0,1.0,4.0,7.0,0.0,1.0,100.0,1.0
34,1,1.0,6000,99.95,1,-0.0557521667636985,-0.2738532088301637,-0.0452724474282373,MEDIUM,1.0,7,7,0.1428571428571428,0,1.0,4.0,7.0,0.0,1.0,100.0,1.0
35,1,1.0,6000,99.85,1,-0.1942449545185433,-0.4450053182732076,-0.1574154454846357,HARD,1.0,19,19,0.0526315789473684,0,1.0,10.0,19.0,0.0,1.0,100.0,1.0
36,1,1.0,6000,99.89166666666668,1,-0.297225426605465,-0.4860480761455218,-0.2367919679030442,HARD,1.0,14,14,0.0714285714285714,0,1.0,7.5,14.0,0.0,1.0,100.0,1.0
37,1,1.0,6000,99.76666666666668,1,-0.16622273385367,-0.4211912359909374,-0.1337330416265385,HARD,1.0,29,29,0.0344827586206896,0,1.0,15.0,29.0,0.0,1.0,100.0,1.0
38,1,1.0,6000,99.93333333333334,1,-0.1376356774554672,-0.296958345995115,-0.1107625859187827,MEDIUM,1.0,9,9,0.1111111111111111,0,1.0,5.0,9.0,0.0,1.0,100.0,1.0
39,1,1.0,6000,99.85,1,-0.1080652008106254,-0.46338809711098,-0.0879521813731744,HARD,1.0,19,19,0.0526315789473684,0,1.0,10.0,19.0,0.0,1.0,100.0,1.0
40,1,1.0,6000,99.84166666666668,1,-0.2233443705988811,-0.3882416210146246,-0.1816546028176396,HARD,1.0,20,20,0.05,0,1.0,10.5,20.0,0.0,1.0,100.0,1.0
41,1,1.0,6000,99.89166666666668,1,-0.1173118733619938,-0.3809572339050363,-0.0952988127152366,HARD,1.0,14,14,0.0714285714285714,0,1.0,7.5,14.0,0.0,1.0,100.0,1.0
42,1,1.0,6000,99.96666666666668,1,-0.2044116943448177,-0.434692067524331,-0.1657263104855429,MEDIUM,1.0,5,5,0.2,0,1.0,3.0,5.0,0.0,1.0,100.0,1.0
43,6,0.8,6000,99.85,1,-0.1612732137575312,-0.3055338835166524,-0.1287358513731973,FAILED,0.8,5,9,0.1111111111111111,0,6.0,10.0,14.0,-0.1999999999999999,1.0,,
44,1,1.0,6000,99.825,1,-0.2756483217675933,-0.4921041806615436,-0.2202591687226787,HARD,1.0,22,22,0.0454545454545454,0,1.0,11.5,22.0,0.0,1.0,100.0,1.0
45,1,1.0,6000,99.85833333333332,1,-0.1892756745733706,-0.5020308205543015,-0.154171927750589,HARD,1.0,18,18,0.0555555555555555,0,1.0,9.5,18.0,0.0,1.0,100.0,1.0
46,1,1.0,6000,99.95,1,-0.1411893405655737,-0.3287191352925382,-0.113534832652242,MEDIUM,1.0,7,7,0.1428571428571428,0,1.0,4.0,7.0,0.0,1.0,100.0,1.0
47,1,1.0,6000,99.875,1,-0.0659832544556978,-0.2631014393501489,-0.0537131610673372,HARD,1.0,16,16,0.0625,0,1.0,8.5,16.0,0.0,1.0,100.0,1.0
48,1,1.0,6000,99.875,1,-0.0890895392615667,-0.4169963833602667,-0.0721805974058634,HARD,1.0,16,16,0.0625,0,1.0,8.5,16.0,0.0,1.0,100.0,1.0
49,1,1.0,6000,100.0,1,-0.2054734211038341,-0.4185360745867313,-0.1669374620097933,EASY,1.0,1,1,1.0,1,1.0,1.0,1.0,0.1999999999999999,0.8,,
50,1,1.0,6000,99.76666666666668,1,-0.2383441094511146,-0.5126452712395302,-0.1934118457941149,HARD,1.0,29,29,0.0344827586206896,0,1.0,15.0,29.0,0.0,1.0,100.0,1.0
51,1,1.0,6000,99.925,1,-0.2048559011784314,-0.3996435449061601,-0.1661140112915325,MEDIUM,1.0,10,10,0.1,0,1.0,5.5,10.0,0.0,1.0,100.0,1.0
52,1,1.0,6000,99.90833333333332,1,-0.1238573756891274,-0.351818502200887,-0.1000474342719897,HARD,1.0,12,12,0.0833333333333333,0,1.0,6.5,12.0,0.0,1.0,100.0,1.0
53,1,1.0,6000,99.79166666666669,1,-0.1951585094047197,-0.4206612602093923,-0.1586471722643463,HARD,1.0,26,26,0.0384615384615384,0,1.0,13.5,26.0,0.0,1.0,100.0,1.0
54,1,1.0,6000,99.96666666666668,1,-0.2257455240375119,-0.3439156834999425,-0.178967911944507,MEDIUM,1.0,5,5,0.2,0,1.0,3.0,5.0,0.0,1.0,100.0,1.0
55,1,1.0,6000,99.975,1,-0.133812077139465,-0.2817623303788459,-0.1083392816373772,MEDIUM,1.0,4,4,0.25,0,1.0,2.5,4.0,0.0,1.0,100.0,1.0
56,1,1.0,6000,99.90833333333332,1,-0.2052313706945656,-0.4298587687184333,-0.167409599665534,HARD,1.0,12,12,0.0833333333333333,0,1.0,6.5,12.0,0.0,1.0,100.0,1.0
57,1,1.0,6000,99.9,1,-0.2166718945970816,-0.3976336847759238,-0.1747984607114844,HARD,1.0,13,13,0.0769230769230769,0,1.0,7.0,13.0,0.0,1.0,100.0,1.0
58,1,1.0,6000,99.8,1,-0.1291833960443267,-0.4166371626030238,-0.1053097563489781,HARD,1.0,25,25,0.04,0,1.0,13.0,25.0,0.0,1.0,100.0,1.0
59,1,1.0,6000,99.91666666666669,1,-0.1648949871280868,-0.2691948958943789,-0.1322263492734191,HARD,1.0,11,11,0.0909090909090909,0,1.0,6.0,11.0,0.0,1.0,100.0,1.0
60,1,1.0,6000,99.88333333333333,1,-0.0971245996402323,-0.3362576650709831,-0.0790213977468603,HARD,1.0,15,15,0.0666666666666666,0,1.0,8.0,15.0,0.0,1.0,100.0,1.0
61,1,1.0,6000,99.96666666666668,1,-0.0408175901938747,-0.0332261469715088,-0.0328625401749422,MEDIUM,1.0,5,5,0.2,0,1.0,3.0,5.0,0.0,1.0,100.0,1.0
62,1,1.0,6000,99.85833333333332,1,-0.2794081550891267,-0.5646328611601091,-0.2268997016879365,HARD,1.0,18,18,0.0555555555555555,0,1.0,9.5,18.0,0.0,1.0,100.0,1.0
63,1,1.0,6000,99.89166666666668,1,-0.1939199008486782,-0.309559951348358,-0.1559698592154257,HARD,1.0,14,14,0.0714285714285714,0,1.0,7.5,14.0,0.0,1.0,100.0,1.0
64,1,1.0,6000,99.95833333333331,1,-0.0673089646813665,-0.1878416846652417,-0.054729471723649,MEDIUM,1.0,6,6,0.1666666666666666,0,1.0,3.5,6.0,0.0,1.0,100.0,1.0
65,1,1.0,6000,99.99166666666666,1,-0.0997599162137522,-0.296061597524291,-0.0813212995382229,MEDIUM,1.0,2,2,0.5,0,1.0,1.5,2.0,0.0,1.0,100.0,1.0
66,1,1.0,6000,99.80833333333334,1,-0.05772180570162,-0.2887310643150986,-0.0467158768195218,HARD,1.0,24,24,0.0416666666666666,0,1.0,12.5,24.0,0.0,1.0,100.0,1.0
67,1,1.0,6000,99.90833333333332,1,-0.1620411364185006,-0.4048233180012068,-0.1316583079459783,HARD,1.0,12,12,0.0833333333333333,0,1.0,6.5,12.0,0.0,1.0,100.0,1.0
68,1,1.0,6000,99.94166666666666,1,-0.1952946677827866,-0.4086824621671937,-0.1584557951330286,MEDIUM,1.0,8,8,0.125,0,1.0,4.5,8.0,0.0,1.0,100.0,1.0
69,1,1.0,6000,99.90833333333332,1,-0.1099096635606363,-0.2662561152825774,-0.0894560959968688,HARD,1.0,12,12,0.0833333333333333,0,1.0,6.5,12.0,0.0,1.0,100.0,1.0
70,1,1.0,6000,99.94166666666666,1,-0.2076526368841282,-0.3814590292119246,-0.1666316505959749,MEDIUM,1.0,8,8,0.125,0,1.0,4.5,8.0,0.0,1.0,100.0,1.0
71,1,1.0,6000,99.94166666666666,1,-0.1017373718334811,-0.442288291980671,-0.0828685251435581,MEDIUM,1.0,8,8,0.125,0,1.0,4.5,8.0,0.0,1.0,100.0,1.0
72,1,1.0,6000,99.80833333333334,1,-0.1222301266547338,-0.3840358035580159,-0.0997266585656935,HARD,1.0,24,24,0.0416666666666666,0,1.0,12.5,24.0,0.0,1.0,100.0,1.0
73,1,1.0,6000,99.96666666666668,1,-0.260061442061976,-0.3919578710259893,-0.2115256971879156,MEDIUM,1.0,5,5,0.2,0,1.0,3.0,5.0,0.0,1.0,100.0,1.0
74,1,1.0,6000,99.88333333333333,1,-0.1494348679133489,-0.5110994023663147,-0.1211759121754547,HARD,1.0,15,15,0.0666666666666666,0,1.0,8.0,15.0,0.0,1.0,100.0,1.0
75,1,1.0,6000,99.79166666666669,1,-0.1481194158077292,-0.5074032925584908,-0.1205602188997732,HARD,1.0,26,26,0.0384615384615384,0,1.0,13.5,26.0,0.0,1.0,100.0,1.0
76,1,1.0,6000,99.93333333333334,1,-0.2327704222702936,-0.4696106893591232,-0.1891437716627133,MEDIUM,1.0,9,9,0.1111111111111111,0,1.0,5.0,9.0,0.0,1.0,100.0,1.0
77,1,1.0,6000,99.93333333333334,1,-0.2891315790909141,-0.4434453624728178,-0.2300552476670264,MEDIUM,1.0,9,9,0.1111111111111111,0,1.0,5.0,9.0,0.0,1.0,100.0,1.0
78,1,1.0,6000,99.88333333333333,1,-0.117365556545978,-0.3361269446636029,-0.0938081131447216,HARD,1.0,15,15,0.0666666666666666,0,1.0,8.0,15.0,0.0,1.0,100.0,1.0
79,1,1.0,6000,99.99166666666666,1,-0.2352129423101475,-0.4137121601023903,-0.1906065999725667,MEDIUM,1.0,2,2,0.5,0,1.0,1.5,2.0,0.0,1.0,100.0,1.0
80,1,1.0,6000,99.875,1,-0.1521503431263836,-0.3991820637515306,-0.1235781310164711,HARD,1.0,16,16,0.0625,0,1.0,8.5,16.0,0.0,1.0,100.0,1.0
81,1,1.0,6000,99.875,1,-0.0792785919915789,-0.1044684393451249,-0.0602507666303012,HARD,1.0,16,16,0.0625,0,1.0,8.5,16.0,0.0,1.0,100.0,1.0
82,1,1.0,6000,99.95,1,-0.109533552582281,-0.3656836603383475,-0.0892843379924983,MEDIUM,1.0,7,7,0.1428571428571428,0,1.0,4.0,7.0,0.0,1.0,100.0,1.0
83,1,1.0,6000,99.99166666666666,1,-0.1684952814140708,-0.4115252061089947,-0.1372417844499495,MEDIUM,1.0,2,2,0.5,0,1.0,1.5,2.0,0.0,1.0,100.0,1.0
84,1,1.0,6000,99.875,1,-0.1684629602525069,-0.3956938146119834,-0.137001009800953,HARD,1.0,16,16,0.0625,0,1.0,8.5,16.0,0.0,1.0,100.0,1.0
85,1,1.0,6000,99.98333333333332,1,-0.0529376073953834,-0.2249489254327964,-0.0428395821546133,MEDIUM,1.0,3,3,0.3333333333333333,0,1.0,2.0,3.0,0.0,1.0,100.0,1.0
86,1,1.0,6000,99.98333333333332,1,-0.2085764708568249,-0.4349996075812551,-0.1699954576257159,MEDIUM,1.0,3,3,0.3333333333333333,0,1.0,2.0,3.0,0.0,1.0,100.0,1.0
87,28,0.6,6000,99.23333333333332,1,-0.1287255621848227,-0.2521605586434881,-0.1047027424382162,FAILED,0.6,26,39,0.0256410256410256,0,28.0,47.0,66.0,-0.4,1.0,,
88,1,1.0,6000,100.0,1,-0.090040136675028,-0.1295817039852057,-0.0732214051730051,EASY,1.0,1,1,1.0,1,1.0,1.0,1.0,0.4,0.6,,
89,1,1.0,6000,99.96666666666668,1,-0.1713009909140932,-0.3511197120671383,-0.1394356706302437,MEDIUM,1.0,5,5,0.2,0,1.0,3.0,5.0,0.0,1.0,100.0,1.0
90,1,1.0,6000,99.85833333333332,1,-0.1778975421553452,-0.4877237048457182,-0.1434144763613307,HARD,1.0,18,18,0.0555555555555555,0,1.0,9.5,18.0,0.0,1.0,100.0,1.0
91,1,1.0,6000,99.9,1,-0.1944090239193152,-0.4550408853310511,-0.1582564292799999,HARD,1.0,13,13,0.0769230769230769,0,1.0,7.0,13.0,0.0,1.0,100.0,1.0
92,1,1.0,6000,99.95833333333331,1,-0.1393786088863189,-0.4467131604945369,-0.1138226534945479,MEDIUM,1.0,6,6,0.1666666666666666,0,1.0,3.5,6.0,0.0,1.0,100.0,1.0
93,1,1.0,6000,99.88333333333333,1,-0.2658427769309396,-0.4743438737929353,-0.2152052851977761,HARD,1.0,15,15,0.0666666666666666,0,1.0,8.0,15.0,0.0,1.0,100.0,1.0
94,1,1.0,6000,99.75833333333333,1,-0.2254181369160105,-0.4606953078641393,-0.1833290133437546,HARD,1.0,30,30,0.0333333333333333,0,1.0,15.5,30.0,0.0,1.0,100.0,1.0
95,1,1.0,6000,99.95,1,-0.1383831799080464,-0.3281904110649194,-0.1129180787648296,MEDIUM,1.0,7,7,0.1428571428571428,0,1.0,4.0,7.0,0.0,1.0,100.0,1.0
96,1,1.0,6000,99.88333333333333,1,-0.0923882549090131,-0.3662644354691153,-0.0753686171202156,HARD,1.0,15,15,0.0666666666666666,0,1.0,8.0,15.0,0.0,1.0,100.0,1.0
97,1,1.0,6000,99.95,1,-0.1007683452002399,-0.3079870451465583,-0.0811326398442956,MEDIUM,1.0,7,7,0.1428571428571428,0,1.0,4.0,7.0,0.0,1.0,100.0,1.0
98,1,1.0,6000,99.95833333333331,1,-0.2981797015835224,-0.5127719116526779,-0.2415942294053694,MEDIUM,1.0,6,6,0.1666666666666666,0,1.0,3.5,6.0,0.0,1.0,100.0,1.0
99,1,1.0,6000,99.85,1,-0.0751036866829387,-0.2853211321405929,-0.0611105261755642,HARD,1.0,19,19,0.0526315789473684,0,1.0,10.0,19.0,0.0,1.0,100.0,1.0
100,1,1.0,6000,99.96666666666668,1,-0.2252676992378282,-0.4529473060434952,-0.1832540020912373,MEDIUM,1.0,5,5,0.2,0,1.0,3.0,5.0,0.0,1.0,100.0,1.0
101,1,1.0,6000,99.89166666666668,1,-0.2224421785802275,-0.4177792273138491,-0.1763329043967703,HARD,1.0,14,14,0.0714285714285714,0,1.0,7.5,14.0,0.0,1.0,100.0,1.0
102,1,1.0,6000,99.99166666666666,1,-0.1360118892675252,-0.3221199857289538,-0.1105059552989647,MEDIUM,1.0,2,2,0.5,0,1.0,1.5,2.0,0.0,1.0,100.0,1.0
103,1,1.0,6000,99.84166666666668,1,-0.1192654471418432,-0.2708475887177703,-0.0925241820042559,HARD,1.0,20,20,0.05,0,1.0,10.5,20.0,0.0,1.0,100.0,1.0
104,1,1.0,6000,99.775,1,-0.2214133326777038,-0.453183128599255,-0.1794113704054333,HARD,1.0,28,28,0.0357142857142857,0,1.0,14.5,28.0,0.0,1.0,100.0,1.0
105,1,1.0,4140,99.92753623188406,1,-0.1134389496319731,-0.4233661569279449,-0.0921632330302262,MEDIUM,1.0,7,7,0.1428571428571428,0,1.0,4.0,7.0,0.0,1.0,100.0,1.0
106,1,1.0,4000,99.7875,1,-0.2079540982905197,-0.3879293100457355,-0.1673728871647428,HARD,1.0,18,18,0.0555555555555555,0,1.0,9.5,18.0,0.0,1.0,100.0,1.0
107,281,0.1,4000,46.5125,1,0.0095497873555884,0.0212495929957198,0.0077415652156037,FAILED,0.1,3,3720,0.000268817204301,0,281.0,2140.5,4000.0,-0.9,1.0,,
108,1,1.0,4000,99.975,1,-0.2775245173586068,-0.4124090888245159,-0.2250347309639778,MEDIUM,1.0,3,3,0.3333333333333333,0,1.0,2.0,3.0,0.0,1.0,100.0,1.0
109,1,1.0,4000,99.8625,1,-0.2486136237456787,-0.481796143256466,-0.2020457252942958,HARD,1.0,12,12,0.0833333333333333,0,1.0,6.5,12.0,0.0,1.0,100.0,1.0
110,1,1.0,4000,99.9625,1,-0.2726008126153489,-0.3890678315786923,-0.2194618647507698,MEDIUM,1.0,4,4,0.25,0,1.0,2.5,4.0,0.0,1.0,100.0,1.0
111,1,1.0,4000,100.0,1,-0.2391906136446558,-0.3756522672741742,-0.1944608223813358,EASY,1.0,1,1,1.0,1,1.0,1.0,1.0,0.1999999999999999,0.8,,
112,1,1.0,4000,99.9,1,-0.1354508987904379,-0.3402547264488886,-0.109451175939202,MEDIUM,1.0,9,9,0.1111111111111111,0,1.0,5.0,9.0,0.0,1.0,100.0,1.0
113,1,1.0,4000,99.825,1,-0.1074119159896764,-0.3397764629489657,-0.0866735094123329,HARD,1.0,15,15,0.0666666666666666,0,1.0,8.0,15.0,0.0,1.0,100.0,1.0
114,1,1.0,4000,99.95,1,-0.2779980828718243,-0.4279699315797107,-0.219835529362459,MEDIUM,1.0,5,5,0.2,0,1.0,3.0,5.0,0.0,1.0,100.0,1.0
115,1,1.0,4000,99.875,1,-0.1318863594046891,-0.2921719633020662,-0.1066808460026643,HARD,1.0,11,11,0.0909090909090909,0,1.0,6.0,11.0,0.0,1.0,100.0,1.0
116,1,1.0,4000,99.975,1,-0.1502581139136146,-0.3867570424718849,-0.1217359110246731,MEDIUM,1.0,3,3,0.3333333333333333,0,1.0,2.0,3.0,0.0,1.0,100.0,1.0
117,1,1.0,4000,99.9625,1,-0.250142534718584,-0.390789429683635,-0.2027058425955245,MEDIUM,1.0,4,4,0.25,0,1.0,2.5,4.0,0.0,1.0,100.0,1.0
118,1,1.0,4000,99.8875,1,-0.2806247088408825,-0.3912399765848733,-0.2270465945709845,MEDIUM,1.0,10,10,0.1,0,1.0,5.5,10.0,0.0,1.0,100.0,1.0
119,1,1.0,4000,99.9875,1,-0.1195340820344677,-0.2708159693586313,-0.0946907616768998,MEDIUM,1.0,2,2,0.5,0,1.0,1.5,2.0,0.0,1.0,100.0,1.0
120,1,1.0,4000,99.7875,1,-0.156221588938337,-0.4655231643437528,-0.1266910482863786,HARD,1.0,18,18,0.0555555555555555,0,1.0,9.5,18.0,0.0,1.0,100.0,1.0
121,1,1.0,4000,99.8875,1,-0.1424364961400506,-0.421250674404386,-0.1163211361580665,MEDIUM,1.0,10,10,0.1,0,1.0,5.5,10.0,0.0,1.0,100.0,1.0
122,1,1.0,4000,99.9,1,-0.0782424762362533,-0.4382264729091052,-0.0636705529248216,MEDIUM,1.0,9,9,0.1111111111111111,0,1.0,5.0,9.0,0.0,1.0,100.0,1.0
123,1,1.0,4000,99.825,1,-0.2456667869181943,-0.430215704518385,-0.1999460767784956,HARD,1.0,15,15,0.0666666666666666,0,1.0,8.0,15.0,0.0,1.0,100.0,1.0
124,1,1.0,4000,99.775,1,-0.324795007263219,-0.4727140851787556,-0.2573854786593245,HARD,1.0,19,19,0.0526315789473684,0,1.0,10.0,19.0,0.0,1.0,100.0,1.0
125,1,1.0,4000,99.9,1,-0.2410718993184478,-0.4220183831843611,-0.195209165336161,MEDIUM,1.0,9,9,0.1111111111111111,0,1.0,5.0,9.0,0.0,1.0,100.0,1.0
126,1,1.0,4000,99.9625,1,-0.1830084020089314,-0.4147273063519004,-0.1488607202340162,MEDIUM,1.0,4,4,0.25,0,1.0,2.5,4.0,0.0,1.0,100.0,1.0
127,1,1.0,4000,99.925,1,-0.1264305883626327,-0.2882447419944161,-0.1024948662558,MEDIUM,1.0,7,7,0.1428571428571428,0,1.0,4.0,7.0,0.0,1.0,100.0,1.0
128,1,1.0,4000,99.8,1,-0.1661113221266201,-0.4274501397607786,-0.1347627620302524,HARD,1.0,17,17,0.0588235294117647,0,1.0,9.0,17.0,0.0,1.0,100.0,1.0
129,1,1.0,4000,99.9875,1,-0.1300264314635283,-0.2428440048062408,-0.1055731613778414,MEDIUM,1.0,2,2,0.5,0,1.0,1.5,2.0,0.0,1.0,100.0,1.0
130,1,1.0,4000,99.85,1,-0.249528807060528,-0.5023497424016288,-0.2021659688181709,HARD,1.0,13,13,0.0769230769230769,0,1.0,7.0,13.0,0.0,1.0,100.0,1.0
131,1,1.0,4000,99.8375,1,-0.2941783303120326,-0.4498869886244317,-0.2374780496492815,HARD,1.0,14,14,0.0714285714285714,0,1.0,7.5,14.0,0.0,1.0,100.0,1.0
132,1,1.0,4000,99.875,1,-0.2004565024872427,-0.4586740762417819,-0.1622521595821548,HARD,1.0,11,11,0.0909090909090909,0,1.0,6.0,11.0,0.0,1.0,100.0,1.0
133,1,1.0,4000,99.975,1,-0.150899485234639,-0.3063074614307566,-0.1222912051609144,MEDIUM,1.0,3,3,0.3333333333333333,0,1.0,2.0,3.0,0.0,1.0,100.0,1.0
134,1,1.0,4000,99.8875,1,-0.2996917075800269,-0.4748985387562187,-0.2414661989075287,MEDIUM,1.0,10,10,0.1,0,1.0,5.5,10.0,0.0,1.0,100.0,1.0
135,1,1.0,4000,99.6375,1,-0.3211700643751285,-0.537826103581467,-0.2571877377055845,HARD,1.0,30,30,0.0333333333333333,0,1.0,15.5,30.0,0.0,1.0,100.0,1.0
136,1,1.0,4000,99.9125,1,-0.1968444445389989,-0.3447452618256322,-0.1574504940072792,MEDIUM,1.0,8,8,0.125,0,1.0,4.5,8.0,0.0,1.0,100.0,1.0
137,1,1.0,4000,99.9125,1,-0.1661851253974055,-0.4266025034910945,-0.1357268713691414,MEDIUM,1.0,8,8,0.125,0,1.0,4.5,8.0,0.0,1.0,100.0,1.0
138,1,1.0,4000,99.9625,1,-0.1899234368864222,-0.3706055684632779,-0.1543113866500671,MEDIUM,1.0,4,4,0.25,0,1.0,2.5,4.0,0.0,1.0,100.0,1.0
139,1,1.0,4000,99.85,1,-0.2171565752272633,-0.3872358068003937,-0.1760392141323227,HARD,1.0,13,13,0.0769230769230769,0,1.0,7.0,13.0,0.0,1.0,100.0,1.0
140,9,0.8,4000,99.6875,1,-0.1886698740338334,-0.4286764515068505,-0.1530863848410226,FAILED,0.8,8,10,0.1,0,9.0,13.5,18.0,-0.1999999999999999,1.0,,
141,1,1.0,4000,99.9125,1,-0.1640970720131334,-0.3541125602754801,-0.1327526857548036,MEDIUM,1.0,8,8,0.125,0,1.0,4.5,8.0,0.0,1.0,100.0,1.0
142,1,1.0,4000,99.9125,1,-0.162301089730598,-0.3904678771264654,-0.1324810287169694,MEDIUM,1.0,8,8,0.125,0,1.0,4.5,8.0,0.0,1.0,100.0,1.0
143,1,1.0,4000,99.9875,1,-0.1123530491421734,-0.2680984801689051,-0.0915276446796059,MEDIUM,1.0,2,2,0.5,0,1.0,1.5,2.0,0.0,1.0,100.0,1.0
144,1,1.0,4000,99.9375,1,-0.1024600137153586,-0.4159579537085633,-0.0834102391990697,MEDIUM,1.0,6,6,0.1666666666666666,0,1.0,3.5,6.0,0.0,1.0,100.0,1.0
145,1,1.0,4000,99.9125,1,-0.1183317478665862,-0.3230427804301202,-0.0944589923894234,MEDIUM,1.0,8,8,0.125,0,1.0,4.5,8.0,0.0,1.0,100.0,1.0
146,1,1.0,4000,99.725,1,-0.1565858452886841,-0.4329436696473632,-0.1270306807083119,HARD,1.0,23,23,0.0434782608695652,0,1.0,12.0,23.0,0.0,1.0,100.0,1.0
147,1,1.0,4000,99.975,1,-0.2854688737286061,-0.3792189534765606,-0.2233303832199701,MEDIUM,1.0,3,3,0.3333333333333333,0,1.0,2.0,3.0,0.0,1.0,100.0,1.0
148,1,1.0,4000,99.8375,1,-0.103630201844129,-0.4175724703999507,-0.0838437261664801,HARD,1.0,14,14,0.0714285714285714,0,1.0,7.5,14.0,0.0,1.0,100.0,1.0
149,1,1.0,4000,99.925,1,-0.252682878446982,-0.4719687578855507,-0.2020956058077436,MEDIUM,1.0,7,7,0.1428571428571428,0,1.0,4.0,7.0,0.0,1.0,100.0,1.0
150,1,1.0,4000,99.725,1,-0.1534057476051257,-0.5842239836717937,-0.1248853548455861,HARD,1.0,23,23,0.0434782608695652,0,1.0,12.0,23.0,0.0,1.0,100.0,1.0
151,1,1.0,4000,99.8875,1,-0.2645703055227711,-0.4183640974696635,-0.2138640551184479,MEDIUM,1.0,10,10,0.1,0,1.0,5.5,10.0,0.0,1.0,100.0,1.0
152,1,1.0,4000,99.9625,1,-0.2354846955215052,-0.3305249848695032,-0.1904999144535123,MEDIUM,1.0,4,4,0.25,0,1.0,2.5,4.0,0.0,1.0,100.0,1.0
153,1,1.0,4000,99.725,1,-0.2353304657516874,-0.5816021842138759,-0.1912434045188955,HARD,1.0,23,23,0.0434782608695652,0,1.0,12.0,23.0,0.0,1.0,100.0,1.0
154,1,1.0,4000,99.9625,1,-0.2283483844938499,-0.4374193211523347,-0.1831224606317133,MEDIUM,1.0,4,4,0.25,0,1.0,2.5,4.0,0.0,1.0,100.0,1.0
155,1,1.0,4000,99.9,1,-0.3030851240060072,-0.5193649861938614,-0.2461631302576926,MEDIUM,1.0,9,9,0.1111111111111111,0,1.0,5.0,9.0,0.0,1.0,100.0,1.0
156,1,1.0,4000,99.875,1,-0.2216838395891699,-0.4449838538158254,-0.179933134045548,HARD,1.0,11,11,0.0909090909090909,0,1.0,6.0,11.0,0.0,1.0,100.0,1.0
157,1,1.0,4000,99.9,1,-0.2558626931984517,-0.3698408984306672,-0.2035879994092885,MEDIUM,1.0,9,9,0.1111111111111111,0,1.0,5.0,9.0,0.0,1.0,100.0,1.0
158,1,1.0,4000,99.7875,1,-0.2732531597059985,-0.51320338839496,-0.221741562567545,HARD,1.0,18,18,0.0555555555555555,0,1.0,9.5,18.0,0.0,1.0,100.0,1.0
159,1,1.0,4000,99.8625,1,-0.1308821621044865,-0.4488577246382683,-0.1065214803647256,HARD,1.0,12,12,0.0833333333333333,0,1.0,6.5,12.0,0.0,1.0,100.0,1.0
160,1,1.0,4000,99.9125,1,-0.2385569360656108,-0.3874054101300537,-0.188687549602212,MEDIUM,1.0,8,8,0.125,0,1.0,4.5,8.0,0.0,1.0,100.0,1.0
161,1,1.0,4000,99.875,1,-0.2409558901730954,-0.4285383106235538,-0.1957141096713017,HARD,1.0,11,11,0.0909090909090909,0,1.0,6.0,11.0,0.0,1.0,100.0,1.0
162,1,1.0,4000,99.9875,1,-0.1219009922986269,-0.2987983049723388,-0.0990806961175885,MEDIUM,1.0,2,2,0.5,0,1.0,1.5,2.0,0.0,1.0,100.0,1.0
163,1,1.0,4000,99.9625,1,-0.1418704224058249,-0.3784881382098403,-0.1150441238368841,MEDIUM,1.0,4,4,0.25,0,1.0,2.5,4.0,0.0,1.0,100.0,1.0
164,1,1.0,4000,99.7375,1,-0.1443119602668192,-0.5217004714173145,-0.1175722651225817,HARD,1.0,22,22,0.0454545454545454,0,1.0,11.5,22.0,0.0,1.0,100.0,1.0
165,1,1.0,4000,99.95,1,-0.3306840405498346,-0.4850676999749259,-0.2682373703895229,MEDIUM,1.0,5,5,0.2,0,1.0,3.0,5.0,0.0,1.0,100.0,1.0
166,1,1.0,4000,99.95,1,-0.13882438970456,-0.3176528266779352,-0.1123877259237842,MEDIUM,1.0,5,5,0.2,0,1.0,3.0,5.0,0.0,1.0,100.0,1.0
167,1,1.0,4000,99.9,1,-0.1185124296182866,-0.3607792467604628,-0.0965884540240936,MEDIUM,1.0,9,9,0.1111111111111111,0,1.0,5.0,9.0,0.0,1.0,100.0,1.0
168,1,1.0,4000,99.875,1,-0.2237942863632172,-0.3146438754375071,-0.179975814780369,HARD,1.0,11,11,0.0909090909090909,0,1.0,6.0,11.0,0.0,1.0,100.0,1.0
169,1,1.0,4000,99.9875,1,-0.0952255029419375,-0.3387262591716602,-0.0775652925851962,MEDIUM,1.0,2,2,0.5,0,1.0,1.5,2.0,0.0,1.0,100.0,1.0
170,1,1.0,4000,99.8375,1,-0.0626981587376199,-0.2849439303699138,-0.0509329678447227,HARD,1.0,14,14,0.0714285714285714,0,1.0,7.5,14.0,0.0,1.0,100.0,1.0
171,1,1.0,4000,99.8125,1,-0.1741405240455321,-0.4535160424082561,-0.1399907740665852,HARD,1.0,16,16,0.0625,0,1.0,8.5,16.0,0.0,1.0,100.0,1.0
172,1,1.0,4000,99.825,1,-0.1347469475409958,-0.3682997766238521,-0.1094438344654508,HARD,1.0,15,15,0.0666666666666666,0,1.0,8.0,15.0,0.0,1.0,100.0,1.0
173,1,1.0,4000,99.9375,1,-0.2110175911238122,-0.3981071587066489,-0.1693652670702089,MEDIUM,1.0,6,6,0.1666666666666666,0,1.0,3.5,6.0,0.0,1.0,100.0,1.0
174,1,1.0,4000,99.9,1,-0.104649570199114,-0.443411734337242,-0.0852737912876307,MEDIUM,1.0,9,9,0.1111111111111111,0,1.0,5.0,9.0,0.0,1.0,100.0,1.0
175,1,1.0,4000,99.85,1,-0.355442580516104,-0.5137142075907921,-0.28444797516381,HARD,1.0,13,13,0.0769230769230769,0,1.0,7.0,13.0,0.0,1.0,100.0,1.0
176,1,1.0,4000,99.9375,1,-0.1440596523922145,-0.399154745678126,-0.1163188423991212,MEDIUM,1.0,6,6,0.1666666666666666,0,1.0,3.5,6.0,0.0,1.0,100.0,1.0
177,1,1.0,4000,99.85,1,-0.2363965316917166,-0.4264151008665727,-0.1913889078176495,HARD,1.0,13,13,0.0769230769230769,0,1.0,7.0,13.0,0.0,1.0,100.0,1.0
178,1,1.0,4000,99.95,1,-0.2786743142681062,-0.4460668042081628,-0.2266559726140527,MEDIUM,1.0,5,5,0.2,0,1.0,3.0,5.0,0.0,1.0,100.0,1.0
179,1,1.0,4000,99.925,1,-0.1769697380837849,-0.4034874563561487,-0.1434924304406691,MEDIUM,1.0,7,7,0.1428571428571428,0,1.0,4.0,7.0,0.0,1.0,100.0,1.0
180,1,1.0,4000,100.0,1,-0.0782456932945016,-0.2660461800492824,-0.0634252498938914,EASY,1.0,1,1,1.0,1,1.0,1.0,1.0,0.4,0.6,,
181,1,1.0,4000,99.9375,1,-0.1351510018602579,-0.2992984939371729,-0.1095256398249523,MEDIUM,1.0,6,6,0.1666666666666666,0,1.0,3.5,6.0,0.0,1.0,100.0,1.0
182,1,1.0,4000,99.975,1,-0.1285859909741131,-0.2247156318464525,-0.0992035027411101,MEDIUM,1.0,3,3,0.3333333333333333,0,1.0,2.0,3.0,0.0,1.0,100.0,1.0
183,1,1.0,4000,99.9875,1,-0.081791812680067,-0.2453928428169166,-0.0667326932534848,MEDIUM,1.0,2,2,0.5,0,1.0,1.5,2.0,0.0,1.0,100.0,1.0
184,1,1.0,4000,99.9625,1,-0.3284571732197265,-0.571418548667147,-0.2669514875153462,MEDIUM,1.0,4,4,0.25,0,1.0,2.5,4.0,0.0,1.0,100.0,1.0
185,1,1.0,4000,99.8375,1,-0.2382275301376364,-0.4624526575872513,-0.1934423682156086,HARD,1.0,14,14,0.0714285714285714,0,1.0,7.5,14.0,0.0,1.0,100.0,1.0
186,1,1.0,4000,99.95,1,-0.1362457825816702,-0.3153445239673863,-0.1081820651591028,MEDIUM,1.0,5,5,0.2,0,1.0,3.0,5.0,0.0,1.0,100.0,1.0
187,1,1.0,4000,100.0,1,-0.1505331300774764,-0.2829043238172723,-0.1218731877439549,EASY,1.0,1,1,1.0,1,1.0,1.0,1.0,0.1999999999999999,0.8,,
188,1,1.0,4000,99.9875,1,-0.2633787958030953,-0.3619166442524778,-0.209263595300082,MEDIUM,1.0,2,2,0.5,0,1.0,1.5,2.0,0.0,1.0,100.0,1.0
189,1,1.0,4000,99.9625,1,-0.146986209713365,-0.3087646170862327,-0.1176397404845799,MEDIUM,1.0,4,4,0.25,0,1.0,2.5,4.0,0.0,1.0,100.0,1.0
190,1,1.0,4000,99.5125,1,-0.1640726067461879,-0.4313455235487233,-0.1329957259192167,HARD,1.0,40,40,0.025,0,1.0,20.5,40.0,0.0,1.0,100.0,1.0
191,1,1.0,4000,99.9125,1,-0.2352886653061058,-0.3897397198268968,-0.1914102860681726,MEDIUM,1.0,8,8,0.125,0,1.0,4.5,8.0,0.0,1.0,100.0,1.0
192,1,1.0,4000,99.825,1,-0.0861290262164934,-0.3022727550111263,-0.0684942984135828,HARD,1.0,15,15,0.0666666666666666,0,1.0,8.0,15.0,0.0,1.0,100.0,1.0
193,1,1.0,4000,99.825,1,-0.133908181408893,-0.4510124200818284,-0.1089196569368544,HARD,1.0,15,15,0.0666666666666666,0,1.0,8.0,15.0,0.0,1.0,100.0,1.0
194,1,1.0,4000,99.825,1,-0.2034500311580112,-0.3998721715216827,-0.1644230568763448,HARD,1.0,15,15,0.0666666666666666,0,1.0,8.0,15.0,0.0,1.0,100.0,1.0
195,1,1.0,4000,99.9,1,-0.078659903516793,-0.3853068535140833,-0.0641339100077106,MEDIUM,1.0,9,9,0.1111111111111111,0,1.0,5.0,9.0,0.0,1.0,100.0,1.0
196,1,1.0,4000,99.975,1,-0.2607244312303525,-0.3959268696459269,-0.2065493136626063,MEDIUM,1.0,3,3,0.3333333333333333,0,1.0,2.0,3.0,0.0,1.0,100.0,1.0
197,1,1.0,4000,99.8625,1,-0.1868470508523849,-0.4841277434252891,-0.1519320296136643,HARD,1.0,12,12,0.0833333333333333,0,1.0,6.5,12.0,0.0,1.0,100.0,1.0
198,1,1.0,4000,99.95,1,-0.1387102409016286,-0.3005018041727982,-0.1120057216756168,MEDIUM,1.0,5,5,0.2,0,1.0,3.0,5.0,0.0,1.0,100.0,1.0
199,1,1.0,4000,99.85,1,-0.219935755435981,-0.4609496559284102,-0.1761475117271249,HARD,1.0,13,13,0.0769230769230769,0,1.0,7.0,13.0,0.0,1.0,100.0,1.0
