crossencoder_score,distance
1.400218897831373e-05,0.9865469187498093
1.3226695536656998e-05,1.0125609412789345
1.5018301721632089e-05,0.9451354816555977
1.2576925118073326e-05,0.6844583451747894
2.0367981227219265e-05,0.8597219437360764
2.473271577301621e-05,0.5648144483566284
1.3232070104115068e-05,0.9364066869020462
1.8725978210960064e-05,0.8592601418495178
1.3207397910649552e-05,0.9303542524576187
1.2730346826380473e-05,0.7192135453224182
1.3697177960610721e-05,0.9083058312535286
1.1589280018212204e-05,0.8591791987419128
3.466237234022667e-05,0.8555254340171814
1.4362287466116175e-05,0.997721653431654
1.8952312043231492e-05,0.7294715046882629
1.1978650183423556e-05,0.975365836173296
1.6463959519064187e-05,0.7354225516319275
1.3472190346918299e-05,0.9599146917462349
1.4029429550230864e-05,0.959931593388319
6.596332844591228e-05,0.8750683516263962
1.3827003283128777e-05,0.9355325028300285
1.1850064495037452e-05,0.8634364753961563
1.3482511168941352e-05,0.9665465466678143
1.901750836334703e-05,0.9527981020510197
1.2238225032596124e-05,0.8890136182308197
1.4620672260826886e-05,0.8225636929273605
2.8716452429543148e-05,0.6537716388702393
1.1750258877558609e-05,0.8535535931587219
1.8923126968323362e-05,0.8413127213716507
1.2541233321913375e-05,1.0037647760473192
1.3488890122103414e-05,0.9299088418483734
1.756179639339243e-05,0.9206885248422623
1.1775993095037345e-05,0.704959899187088
1.4769458695660507e-05,0.7913033813238144
1.2295981297782512e-05,1.0462708696722984
1.9095016620917502e-05,0.7019556760787964
0.02825121736499655,0.5481513142585754
1.4904670549326958e-05,0.9068228527903557
1.1131083641485083e-05,0.8283723592758179
4.68117346158967e-05,0.9019692167639732
1.2232344192412784e-05,0.8713606297969818
0.00034400520137855927,0.2638307809829712
1.3775724872701816e-05,0.86751988530159
3.252101758482157e-05,0.9465953260660172
1.3568079880849691e-05,0.8410389721393585
1.6475550933201635e-05,0.9898231690749526
1.2916964700501675e-05,0.9204965978860855
1.3672407820563754e-05,0.9769420735538006
1.3923784835035632e-05,0.8287412077188492
9.50479492919847e-05,0.8139678239822388
1.605775120560085e-05,0.6854109764099121
1.5256940642657233e-05,0.7259558737277985
1.7693912920154486e-05,0.7055558860301971
1.6463881014267177e-05,0.8194997012615204
1.2175328053578571e-05,0.9443930052220821
1.1923169008800594e-05,1.0415978729724884
2.2525371901192485e-05,0.6399885714054108
1.231243244983406e-05,0.9534764960408211
1.2672181667482393e-05,0.9323800206184387
1.1698178075036212e-05,0.6690227389335632
1.1912212705910647e-05,0.9550437219440937
1.3103368793750284e-05,0.9765694700181484
1.2867625358571785e-05,0.9901416990906
1.8392675367855505e-05,1.0224524550139904
1.2618180508936313e-05,0.8102127313613892
2.320769740454962e-05,0.8716960698366165
1.2141713798478206e-05,0.7478412985801697
1.8511171818001656e-05,0.8883376270532608
1.200904116002789e-05,0.9264503717422485
1.3948930569967262e-05,0.9276098757982254
1.5474750889777797e-05,1.0019254903309047
1.5383860886231986e-05,0.8643942475318909
1.3855620701761962e-05,0.8386261165142059
1.1802008772956584e-05,1.0252214893698692
1.326766538804636e-05,1.0060547213070095
1.3346460069216765e-05,0.887356162071228
1.5168400323696707e-05,0.8866095244884491
1.464150421907065e-05,0.9008706733584404
1.213931716133792e-05,0.8275075256824493
1.4572133226420266e-05,0.975770516321063
1.4144560139895508e-05,0.8944742977619171
1.3306147835685567e-05,0.8010337650775909
1.2663133248635313e-05,0.7914170324802399
4.0590744510697405e-05,0.8948661908507347
1.3441903376959654e-05,0.6232554912567139
2.0500982551554987e-05,0.8717335611581802
1.6762423625261992e-05,0.8833485394716263
1.3143643275572337e-05,0.9883369002491236
1.3216066382272384e-05,0.9359850883483887
1.5619204663082123e-05,0.9312766715884209
1.1348327503670405e-05,0.7922172099351883
1.3478243071220966e-05,0.6204485595226288
3.920494622738259e-05,0.8437693417072296
1.6883566728512888e-05,0.9708284623920918
2.3799491934620345e-05,0.7875587940216064
1.212292389404932e-05,0.7800930738449097
1.4916159878914858e-05,0.8534852862358093
1.305029282431111e-05,1.0129405558109283
1.217467784618863e-05,0.7208501100540161
1.4362561403687802e-05,0.7694041281938553
1.7912179426484382e-05,0.7670807242393494
3.9202777824849765e-05,0.8200310468673706
3.28791020307707e-05,0.7432597875595093
1.3346243694863485e-05,1.0606807544827461
1.244411257462795e-05,0.9835782684385777
1.3655090170853234e-05,0.8554981201887131
1.3088743931486996e-05,0.8644989281892776
2.125701347467729e-05,0.8736918419599533
2.279593078822386e-05,0.8927073925733566
1.1059670971263483e-05,1.0151168974116445
1.4204389129248607e-05,0.8736737370491028
1.734644281557418e-05,0.767638087272644
1.286562528138303e-05,0.8633263111114502
1.2617350225938526e-05,0.7304885685443878
1.363458239219949e-05,0.8983383700251579
1.2735118917526914e-05,0.9038393050432205
1.2436709468247804e-05,0.8891655206680298
1.1973647694011855e-05,0.9377941004931927
1.3358009365053661e-05,0.9667012095451355
1.4600872455189534e-05,0.7847200334072113
1.247158046505081e-05,0.9311037212610245
1.3302278081906928e-05,0.762618750333786
1.1680119111638069e-05,0.926477700471878
2.513630468806279e-05,0.7231679558753967
1.3028804595265328e-05,1.0090423244982958
1.27443160027521e-05,0.9747413396835327
1.2694921810726215e-05,1.0128946341574192
2.0186538582852747e-05,0.9895816762000322
1.353244003307307e-05,0.897646427154541
1.232635447346803e-05,0.9798663333058357
2.4108771102544972e-05,0.8038638830184937
1.3417121434448692e-05,0.9736690931022167
1.2666720433167184e-05,0.854963019490242
1.31531855608915e-05,0.9661538228392601
1.3223983849169921e-05,0.975501760840416
2.0947587820949232e-05,0.780818521976471
1.2416728862510663e-05,0.9771956652402878
1.143350467680954e-05,0.7551055699586868
1.4027141873229085e-05,0.9292953908443451
1.3330127310769572e-05,0.9453705847263336
1.2843240745565383e-05,0.9511018916964531
1.3769761795864727e-05,0.800321102142334
1.2366127509561613e-05,1.0040303971618414
1.2749640466803374e-05,0.9023820757865906
1.6610089640959408e-05,0.8111053109169006
1.294643929721234e-05,0.986020041629672
1.2829089730244231e-05,0.9597857743501663
1.316917593405635e-05,0.8628659695386887
1.3154465079527483e-05,0.860832929611206
1.5238865794019276e-05,0.8590808808803558
1.5028144402391934e-05,0.9528023041784763
1.28735292395435e-05,0.7843756377696991
1.3340771862871e-05,1.0195975434035063
1.0967369427970815e-05,1.0326759703457355
1.2700976587738434e-05,0.9720147997140884
1.64394057861991e-05,0.910674124956131
1.2818780093256325e-05,0.8593389391899109
1.2237921586768636e-05,0.9166920557618141
1.3571211565810753e-05,0.9273637160658836
0.00014225242177897123,0.5326701402664185
2.2323987306135423e-05,0.7877179086208344
1.3652134421664286e-05,0.9419021867215633
1.1977302275151882e-05,0.6682926118373871
1.3630513131365896e-05,1.0639401972293854
1.3268867464562685e-05,0.9038772732019424
1.193118803674918e-05,0.964823056012392
1.4272172821006517e-05,0.7391965091228485
1.3912834322157612e-05,0.9873726395890117
1.3224034294094075e-05,0.9032274186611176
2.8301146051907116e-05,0.9156236723065376
2.080450574701387e-05,0.9946140572428703
1.3095985630669145e-05,1.062126599252224
1.4231860196715408e-05,0.7829161882400513
1.2634460270499467e-05,0.9800696335732937
1.2482896483081394e-05,0.9488811567425728
1.3278931217113146e-05,0.9166322201490402
1.325830557180337e-05,0.8500470668077469
1.0998802396416096e-05,0.9717114847153425
1.3824801350451467e-05,0.9595789425075054
1.2304204124371581e-05,0.9375750757753849
1.2133472277579022e-05,0.8368128836154938
2.1150610259159218e-05,0.7985615134239197
1.2673100159326297e-05,0.7570610344409943
1.2243197947476227e-05,0.8370319753885269
2.188033563582418e-05,0.8638649880886078
1.4448781593761633e-05,0.9422435164451599
1.4181000626056556e-05,0.8410041928291321
1.53566556541538e-05,0.9128494411706924
3.0016008220108796e-05,0.9162754118442535
1.750177409256492e-05,0.7932135909795761
1.2799296383580332e-05,0.9831315614283085
1.2917087885272671e-05,0.7371927499771118
1.248914789419915e-05,0.7011876106262207
1.2141899065491881e-05,0.8926537930965424
1.3331233338112417e-05,0.9989280980080366
1.3320723430683101e-05,0.9802529364824295
1.824829201376882e-05,0.6319588422775269
1.3386345479734202e-05,0.8414824604988098
1.5042583396454873e-05,0.9115401804447174
1.2869993950161016e-05,0.8466259241104126
1.156943609617717e-05,0.8172829747200012
2.15096096972884e-05,0.6526803374290466
3.476539374699323e-05,0.9702042676508427
1.3694722436771157e-05,0.7005854845046997
2.1489332179932118e-05,0.7111330628395081
1.3586543951107556e-05,0.7363578081130981
1.681412076309361e-05,1.0575653873383999
1.2286100068967146e-05,0.9639297127723694
1.280070017401516e-05,1.004504575394094
1.2622176257752799e-05,0.8304142355918884
1.556555440532986e-05,0.8626143932342529
1.3921567490233907e-05,0.8258874416351318
1.3489327499568682e-05,0.7879498898983002
1.3587969291683245e-05,1.0082083232700825
1.3670660726844147e-05,0.8219379633665085
1.247159235873412e-05,0.7378152012825012
1.1778475259506232e-05,0.8949651122093201
1.2487016109037733e-05,1.0224853195250034
1.1910292980732127e-05,0.8448684513568878
2.74604297943642e-05,0.8956326320767403
1.3607135194408022e-05,0.7349758148193359
1.389689516925574e-05,0.700115829706192
1.3139996215880335e-05,1.0524740144610405
1.3872888370531338e-05,1.0120768677443266
1.264822773316075e-05,0.8910439163446426
1.292613285585202e-05,0.9529012143611908
1.4325750006009918e-05,0.9437156729400158
1.2734936743812522e-05,0.875381663441658
1.3672081853301818e-05,0.9768831506371498
1.317834715182971e-05,1.0249984934926033
1.4358863687276456e-05,0.960809201002121
1.8376124775970055e-05,0.8053451776504517
1.537029622518573e-05,0.8241447508335114
1.253989386201042e-05,0.9157982915639877
1.587601933704407e-05,0.7232279181480408
1.7402314145691957e-05,0.9588780999183655
1.4186072982094719e-05,0.6440964043140411
1.2886451120277134e-05,0.890343651175499
1.32235424642917e-05,0.9538144208490849
1.2218866270512792e-05,0.7750239819288254
1.2819684759240029e-05,1.0463513173162937
1.2967222819622e-05,1.0270630959421396
1.1551818236273187e-05,0.7620575428009033
1.2568292301658778e-05,0.765821099281311
1.8485627476970533e-05,1.0395894795656204
2.0373265247280492e-05,0.9547691568732262
1.2612562123635292e-05,0.8140376210212708
1.787223488252611e-05,0.8077844530344009
1.7551733765341035e-05,1.012607254087925
1.3503640135030418e-05,0.9234354645013809
1.2731148121314033e-05,0.91507139056921
1.426668871830735e-05,0.896907277405262
1.4459119715024325e-05,1.0260054171085358
1.5304403438217974e-05,0.9568934962153435
1.2951588822731284e-05,0.953217051923275
1.2958124381637875e-05,0.8147838115692139
1.7170582952276746e-05,0.8899852484464645
1.5060238725999233e-05,0.8848228007555008
1.7817114582136984e-05,0.8046401590108871
1.4328974578231832e-05,0.7959049642086029
2.0754192136083873e-05,0.9222732931375504
1.2192699112317351e-05,0.812237098813057
1.3853665231918173e-05,0.9166080430150032
1.4639870636623251e-05,0.9836048614233732
1.2741824723028958e-05,0.9278446361422539
1.2935652928576671e-05,1.0099298544228077
1.4603518306899113e-05,0.7001006603240967
1.4003604504006383e-05,0.8978312760591507
1.2624174606624191e-05,0.9659528657793999
1.4400387477537882e-05,0.9649973250925541
1.3581297394756491e-05,0.9392248801887035
1.631256432921767e-05,0.9161866307258606
1.2828429077968663e-05,0.9656095393002033
1.2078759894361077e-05,0.8724279254674911
1.1304268334206492e-05,0.87118761241436
2.127632102631855e-05,0.9817125499248505
1.6679281451735928e-05,0.8758091926574707
1.4346927933655755e-05,0.9827518258243799
1.3028804595265328e-05,1.0201862137764692
1.279093786424229e-05,0.9436544366180897
1.3635765695954962e-05,1.0114910919219255
1.2072944167589204e-05,0.8705043494701385
1.3170871500027401e-05,0.9483182057738304
1.3386766765781583e-05,0.7874273061752319
1.323041712905375e-05,0.9664210490882397
2.6430107301820735e-05,0.887594923377037
1.2487147102101144e-05,0.6702143549919128
2.1931266755122027e-05,0.6575585007667542
1.7651862506282115e-05,0.9521685540676117
1.2976946412157557e-05,0.9229322522878647
2.4700187987118277e-05,0.909694068133831
1.3672851148511796e-05,0.9607781544327736
2.375618122045103e-05,0.8924422264099121
1.477958931604089e-05,1.0115234991535544
1.159664316847826e-05,0.8782996088266373
1.2607667626745542e-05,0.6036742329597473
1.3702390877014683e-05,0.807485967874527
2.1138390547901812e-05,0.829700767993927
1.942251546366916e-05,0.5969293117523193
1.87414140108469e-05,0.8125371634960175
2.5323929220255833e-05,1.0241269133985043
1.4041502887843094e-05,0.9687465392053127
1.2538016467074079e-05,0.7184223830699921
1.6426085241582274e-05,0.744498997926712
2.1988103114984223e-05,0.8936113566160202
1.4536378832830455e-05,0.733689546585083
1.2224414203665522e-05,1.0052785985171795
1.3106318224716861e-05,0.9862106535583735
1.4067411239731737e-05,0.7708706259727478
1.3858660155383938e-05,0.9586727470159531
1.3919390321620433e-05,0.7580724209547043
1.3736945480012069e-05,0.8857204020023346
1.4432104574541431e-05,0.8143862783908844
1.4470748593093823e-05,0.7223166823387146
1.4607292956609801e-05,0.9693595357239246
1.1883970610079568e-05,1.001725647598505
1.3147228657310605e-05,1.0306755267083645
1.372139102691153e-05,0.9035174399614334
4.323925941520504e-05,0.70109423995018
2.4727291502241323e-05,0.717168390750885
1.2632616906755811e-05,1.0040043536573648
1.3316163668197797e-05,0.943604227155447
1.398049327117519e-05,1.0031906920485198
1.4856718778990859e-05,0.9242029786109924
1.2584891748840438e-05,1.0125044584274292
1.2564721008878116e-05,0.9689095411449671
1.2023009968686707e-05,0.9657784290611744
1.626802441599634e-05,0.8891403153538704
1.2583211617821914e-05,0.9515702128410339
1.2240676217025053e-05,1.051871981471777
1.6701437775553826e-05,0.7596166580915451
1.2126253971461978e-05,1.0796936005353928
1.2430353906059162e-05,0.9597260057926178
1.568622840745587e-05,1.0361467525362968
2.1843204372270735e-05,0.7804974764585495
1.2631123136065965e-05,0.8811771646142006
1.2097885146562835e-05,0.9298393949866295
1.4400909344106602e-05,0.938593752682209
1.2589837436007952e-05,1.028391320258379
1.7221058824830505e-05,0.9124519675970078
1.9217524719952983e-05,0.9421844109892845
1.4475924586640598e-05,0.85280342400074
1.2013153338905512e-05,0.9021005555987358
1.2463768766300751e-05,0.8762582093477249
1.517399950318001e-05,1.040194995701313
1.2566554465310833e-05,0.8096451312303543
1.4996361595143873e-05,0.7428392171859741
1.4014987324372678e-05,0.8499047458171844
2.3531357579285733e-05,0.743655651807785
1.5822844968874443e-05,0.839153915643692
1.4514187631414609e-05,0.9725106563419104
2.4080462377978316e-05,0.9529668763279915
1.2422165240329912e-05,0.9438675679266453
1.4358151643821539e-05,0.8287879228591919
2.04598107362618e-05,0.7770589292049408
1.5075988086985401e-05,0.921544648706913
1.789421809004122e-05,0.9203271269798279
1.776335004782179e-05,0.8976288735866547
1.2517837291851773e-05,0.6523398756980896
1.4067572227133766e-05,0.9618835151195526
1.5113271489571756e-05,0.9181796610355377
3.1825184367605026e-05,0.8033875823020935
1.3754957216721149e-05,0.86136794090271
1.26307256300771e-05,0.7441576719284058
1.229348386713954e-05,0.8633537590503693
1.2364806751512634e-05,1.0693280398845673
1.274413369747664e-05,0.6736631989479065
1.3737155087885257e-05,0.9697956312447786
1.3049035882612069e-05,0.9867559382691979
2.764926006004528e-05,0.6430566310882568
1.1617796746029906e-05,0.7111543715000153
1.1987015173713142e-05,0.9957940131425858
1.7431663736140475e-05,0.8401277363300323
1.3968938640204623e-05,0.9816880039870739
3.0475770422047863e-05,0.6653256118297577
1.3221890554505086e-05,0.9291400164365768
1.6141520049855576e-05,0.8965318128466606
1.3201806741360311e-05,1.010466375388205
3.736187815780009e-05,0.8192753791809082
1.507262415871965e-05,1.0264738574624062
2.0002973005115236e-05,0.5807665586471558
1.846740813485834e-05,0.8936455696821213
1.3240211810245245e-05,0.8410547971725464
3.354045018695303e-05,0.8705239146947861
1.2030155345526417e-05,0.761146292090416
2.7840981755238606e-05,0.8501109182834625
1.3512644788660406e-05,0.8823476806282997
1.1485633873720061e-05,0.7585902214050293
1.6207260675085307e-05,0.9875973891466856
1.5465146645042797e-05,1.0326609686017036
2.3066703492227727e-05,0.6249168515205383
1.6100963020951895e-05,0.7176004648208618
5.751042200878951e-05,0.8576459884643555
1.6737360934634664e-05,0.7451096773147583
2.5658547707213548e-05,0.5489858388900757
1.2404940459018616e-05,0.9224038645625114
1.136066101201226e-05,0.7076721787452698
1.3464881869859698e-05,0.7347317039966583
1.7389208360630963e-05,0.7735227346420288
1.6887673021561993e-05,0.9685618579387665
1.4687150527971832e-05,0.7871922254562378
1.4187493566878055e-05,0.9251856654882431
1.4352702941987027e-05,0.7081118226051331
1.2995894930979652e-05,0.9190962165594101
2.702305602489044e-05,0.7469402253627777
1.3682764584772934e-05,0.8806613758206367
1.6295134676457258e-05,0.8142095506191254
1.4980452547572493e-05,0.6672297120094299
1.3350266285730934e-05,0.9924215422943234
1.2645598460530727e-05,0.8969084620475769
1.3258583741354395e-05,0.7165616750717163
1.5146659814881851e-05,0.8380667567253113
1.3005069498555482e-05,0.9106819480657578
1.4492970129438511e-05,0.9468863680958748
5.6803921495490995e-05,1.0054043009877205
1.3610405690266124e-05,0.8458972573280334
1.3066282719614826e-05,0.940809577703476
1.3868192503461158e-05,0.9752778690308332
1.1689724790634563e-05,0.9513568095862865
1.3772427786442744e-05,0.8587336838245392
1.3346180056015401e-05,0.9557817801833153
2.722655491826827e-05,0.7506472021341324
1.3805368362008459e-05,0.7976953983306885
1.3555767206108655e-05,0.9519343078136444
1.2014745897701379e-05,0.8018362820148468
1.2444219382432146e-05,1.0281743369996548
1.2376958326945424e-05,1.017077423632145
2.2759133977510032e-05,0.6201598644256592
1.338473705495441e-05,0.988675863482058
1.3054848696746279e-05,0.8880382478237152
1.1844539609894813e-05,1.034481804817915
1.3197979918530021e-05,0.9879573285579681
1.861208736964253e-05,0.8590928018093109
1.655245178853026e-05,0.9669409953057766
1.2245872016085489e-05,1.0399141684174538
1.2672423369408257e-05,0.9406269267201424
1.34650873264529e-05,0.915252685546875
1.361502725422393e-05,0.7707574963569641
1.4014439347694017e-05,1.0144774904474616
1.7826258312513047e-05,0.8580292910337448
1.3215511833021073e-05,0.7612147927284241
1.4116907545468889e-05,0.8753078132867813
1.3173936632398035e-05,0.9855889491736889
1.2526973033623927e-05,0.9694497138261795
1.3178510532755103e-05,0.9844140186905861
0.0001547309072463583,0.8452820181846619
1.3396268371034199e-05,0.8959779366850853
1.7685191247655446e-05,0.9105027318000793
1.1419763356092596e-05,0.9252886325120926
4.978964140551998e-05,0.6553145349025726
1.2039601093917069e-05,0.7874970138072968
1.299014553088184e-05,0.8884939476847649
1.2829762651794663e-05,0.9405972734093666
1.3680468202312567e-05,0.8232166469097137
1.2690201088452537e-05,0.8567047268152237
1.5665045368842292e-05,0.9042064473032951
1.2031819003811151e-05,0.8871703296899796
1.2285139329413666e-05,0.8659730106592178
1.4202763682015572e-05,0.9303116574883461
1.2419097362051006e-05,0.6482214331626892
1.8439110436307147e-05,0.8395886272192001
1.2057019970107099e-05,1.0324356630444527
1.4357699788404629e-05,0.7794235050678253
1.3049023438250017e-05,0.9563976973295212
1.5015552081492041e-05,0.893279530107975
1.603527124908432e-05,0.9686497002840042
1.971821256174727e-05,0.9785147365182638
1.2517550788158836e-05,0.9176209270954132
1.2611263153045445e-05,0.7182087302207947
1.3541683430418508e-05,0.8553473949432373
1.221354215758558e-05,1.015958745032549
1.3877943164098155e-05,0.9610369950532913
1.3057886828579683e-05,0.9259875193238258
1.3084662876822511e-05,0.8584177494049072
1.2883600313624497e-05,0.9587552361190319
1.218098399997892e-05,0.8435246646404266
1.1481067202231729e-05,0.8106084018945694
1.8672925507388806e-05,0.9573833234608173
1.2177209206204371e-05,0.9869290981441736
1.5867089065793233e-05,0.8496826589107513
1.2651376342846943e-05,0.976053811609745
2.715203494061589e-05,0.9075445085763931
1.6721470605178082e-05,0.953547827899456
2.1421892030638236e-05,0.7880266159772873
1.1787869538538879e-05,0.9096411317586899
1.4638851485209985e-05,0.9488058164715767
1.3617936008899174e-05,0.9465076811611652
1.1751782963617414e-05,1.0656121969223022
1.3815588682555804e-05,0.9049108400940895
1.468038692092055e-05,0.8254489004611969
2.861615112672666e-05,0.907164990901947
1.2136087659757473e-05,1.0687991827726364
1.4842656355587354e-05,1.0361762568354607
1.2486027751132481e-05,0.6157896518707275
1.5232850446464633e-05,0.9120211079716682
1.2493460214468668e-05,1.0203502103686333
1.377286122284505e-05,0.8362555503845215
1.189219009579244e-05,0.9676113091409206
2.3225852800647498e-05,0.8901424184441566
1.2332845042577713e-05,1.0027840211987495
1.2949797988093331e-05,0.9928031982854009
1.3408269943866252e-05,1.0011348389089108
1.2986157140552107e-05,1.001076277345419
1.2392016867468235e-05,0.9985270500183105
1.1740155602406012e-05,0.6294237375259399
1.7156768128421752e-05,0.7852124869823456
1.3039594024825306e-05,1.0140785332769156
1.5549797804412726e-05,0.8933263868093491
1.3408244369988201e-05,1.0092584304511547
1.6782145493418718e-05,0.8670315593481064
1.2831059654712356e-05,0.8899253979325294
1.2730783890092049e-05,0.9152942001819611
1.3817420183161236e-05,0.9336880296468735
1.3135322942228994e-05,0.907307893037796
1.3832094122432766e-05,0.8874416947364807
1.3529833400245505e-05,0.8556518256664276
1.2398199119391926e-05,0.7703858613967896
1.4663973982459167e-05,0.8234937489032745
1.3326098079335016e-05,0.9211886823177338
6.0135266736977394e-05,0.8397185206413269
1.3630786110854598e-05,0.7548216283321381
1.6628316039163194e-05,0.8753524869680405
1.212488945414409e-05,0.8452074825763702
1.284905991643777e-05,0.963389202952385
1.6688621085434378e-05,0.9557589590549469
1.3252060937546089e-05,0.98853974416852
1.2984138639634928e-05,0.856621652841568
1.2634171097616069e-05,0.8639991581439972
1.376951229606556e-05,0.8277852088212967
1.2796818763999166e-05,0.761871337890625
1.1863893642202795e-05,0.57668337225914
1.250566666584342e-05,0.8629016578197479
1.2415094861197365e-05,0.9339858591556549
1.2897048868659165e-05,0.9014803692698479
1.3641449585501986e-05,0.9544841162860394
1.2206834982746104e-05,0.9918106328696012
2.6599192003606208e-05,0.9319804012775421
1.89793338301873e-05,0.9504893571138382
1.2454726628249452e-05,1.002241245470941
1.3072876153962813e-05,0.8708939105272293
1.1437376150965973e-05,0.7376623749732971
1.2128173806636416e-05,0.7479749917984009
1.229060014183013e-05,1.002681203186512
1.2139919170616451e-05,1.042795829474926
1.412789741849563e-05,0.8100172281265259
1.1943505745723101e-05,0.8336448669433594
1.9829887153236062e-05,0.9885189868509769
1.4534549062408824e-05,0.8094893097877502
1.2438251418803383e-05,0.9271320402622223
1.7320275683314834e-05,0.8837540447711945
1.5503229800632744e-05,0.9747865106910467
1.21143831911661e-05,0.817359060049057
1.3200384141481e-05,0.9957294929772615
1.3769998168265677e-05,0.9617166444659233
1.2962376117577718e-05,0.9121126681566238
2.7232137870810857e-05,0.6924129128456116
1.2459621162974946e-05,0.7632687538862228
1.480347092752738e-05,1.0776013657450676
1.1172986638261121e-05,0.7410488724708557
1.230476737209859e-05,0.8070070892572403
1.2842285428396887e-05,0.8465368747711182
1.623948793312105e-05,0.8102175891399384
1.261741038953711e-05,0.9259546175599098
2.93496350656408e-05,0.6892005801200867
2.818463078611379e-05,0.9262230917811394
1.213170200693777e-05,1.060797318816185
1.2290576699681232e-05,1.0091037899255753
1.4853942059420464e-05,0.7793053984642029
0.0010919715333169407,0.9326664432883263
0.00015714080788970116,0.5956025123596191
1.2911644239797296e-05,0.9651684574782848
8.575137655454832e-05,0.7644680291414261
1.5697990839592553e-05,0.7938953042030334
1.2203424586783516e-05,1.0475444979965687
1.764829409489026e-05,0.7851955592632294
1.1169843775323084e-05,0.8446500301361084
1.4945135752020551e-05,0.6676090955734253
1.2771058010990472e-05,0.7782578766345978
1.8645504215653532e-05,0.8985942527651787
1.3820728040343566e-05,0.995682904496789
1.4024426577195096e-05,0.8161384761333466
1.217095143446065e-05,0.9795138407498598
1.1915575810409033e-05,0.6312851011753082
1.372780444899117e-05,0.9503827169537544
1.4809881651591784e-05,0.923001229763031
2.3743361881539708e-05,0.9065883457660675
1.642122984704403e-05,0.8006749451160431
1.4591894060219316e-05,0.8569962084293365
1.3423405443235155e-05,0.9438460431993008
1.2125190097313228e-05,0.6762281060218811
1.738431695955699e-05,0.8541639447212219
1.3403871954077754e-05,0.9238035753369331
1.7617000445833482e-05,0.8823229819536209
1.3235717474135517e-05,0.7934947609901428
2.1003697639062163e-05,0.8398289382457733
1.1938278843687118e-05,0.9119231849908829
1.7812306658571147e-05,0.9194132536649704
1.6652500796361875e-05,1.0836647972464561
1.6376955477054614e-05,0.9561591669917107
6.644065957961172e-05,1.0476822666823864
1.4591323527200296e-05,0.9040814638137817
2.5230616252661003e-05,0.5311682224273682
1.167167887677036e-05,0.782923012971878
1.319314762257048e-05,0.9601903259754181
1.2289990660489667e-05,0.77845798432827
1.2886303649291805e-05,0.9353991448879242
1.96534253050751e-05,0.7399104535579681
1.3299373334361478e-05,0.7059082388877869
8.742776522603192e-05,0.780166745185852
1.320961488530357e-05,0.8079339265823364
1.8880153793729575e-05,0.9292482882738113
1.2400540432531805e-05,0.9919593995437026
1.278696185840051e-05,0.9934755638241768
2.039128395285221e-05,0.5650445520877838
1.2619215430897995e-05,0.9958239672705531
1.2481563253736403e-05,0.7738694846630096
1.2321524040054317e-05,1.01730721257627
2.7424785453265932e-05,0.8885828107595444
1.3215385802345477e-05,0.9034979939460754
1.567852624995426e-05,0.9883568547666073
1.1805363281254462e-05,0.9640430249273777
1.2007907408466614e-05,0.8448901176452637
1.4704276512145763e-05,0.8529714494943619
1.406460767125862e-05,0.7793730348348618
1.2760612467511616e-05,0.9984658043831587
1.2541041961739404e-05,1.0154989706352353
1.274808422903499e-05,0.9523783698678017
1.686120095397318e-05,1.0056370068341494
1.2837815978130097e-05,0.7885458469390869
1.7836053083978995e-05,0.9269109666347504
1.329255157558118e-05,1.0066122701391578
5.924339159027464e-05,0.8858606442809105
1.3159283207295931e-05,0.9173570722341537
1.6617678903171982e-05,0.854479119181633
1.2415272459619274e-05,0.8333808034658432
1.3347860223348282e-05,0.6370928287506104
1.1833926410158432e-05,1.0114624109119177
1.4341127895781062e-05,0.8711161017417908
1.2323615820157764e-05,1.016814049333334
1.6752755111589642e-05,0.9980021603405476
3.676975101919498e-05,0.6186931133270264
1.1889003662025665e-05,0.6796290278434753
2.1902924578478745e-05,0.5700713396072388
2.1139539625831184e-05,0.6282922029495239
1.1808200723577634e-05,0.8880433887243271
0.00010302939174497739,0.4505960941314697
1.2556300133623422e-05,0.8151597380638123
3.55385218510055e-05,0.8319616764783859
1.2045986623046463e-05,0.8753961995244026
1.3417799607386047e-05,0.7808528393507004
1.4185978281500086e-05,0.9699970409274101
1.3052508323212668e-05,1.0734889060258865
4.462141796414387e-05,0.8466463983058929
1.5660101301334355e-05,0.8692759275436401
1.2814538794784944e-05,0.9651173837482929
1.3693599311974336e-05,0.9016165733337402
1.2261566196434687e-05,1.0100881233811378
1.2848533019818819e-05,0.9944224022328854
1.5489884870403716e-05,0.7873181402683258
1.3023139993080746e-05,0.9896753244102001
1.361182055302793e-05,0.8306333422660828
1.2552277356042058e-05,0.9511770829558372
2.269190669912746e-05,0.7683285772800446
1.2624872899483777e-05,0.8418815582990646
2.544506546523875e-05,0.7682172507047653
1.4052702087612396e-05,0.8052369356155396
1.5547277042677267e-05,0.8785415217280388
1.2895991161428471e-05,0.9138919413089752
2.1703151214217175e-05,0.9581818655133247
1.1661087115869711e-05,0.8389725983142853
1.3887766901238851e-05,0.8957435488700867
1.2088658824273087e-05,0.8956440463662148
1.9870359858049712e-05,0.9872927758842707
1.2687091213091116e-05,0.9235478788614273
1.2853141033521315e-05,0.9795287642627954
1.2259718778833778e-05,1.0296794064342976
1.3403820823146947e-05,0.8172944337129593
1.2321488788376056e-05,0.8571420013904572
2.8191082292582225e-05,0.8826633393764496
1.3042168399213766e-05,0.5644386410713196
1.3123152674470036e-05,0.9548755213618279
1.7492680024343982e-05,0.877010315656662
1.2584939755879973e-05,1.0182854570448399
1.2277620037844652e-05,1.0495366007089615
0.00016244401416163015,0.7662518918514252
1.2889745078708605e-05,0.9213334023952484
1.3488324125258278e-05,0.8079950660467148
1.974836020465957e-05,0.9790162369608879
1.2776052489873104e-05,0.7716551423072815
1.966551799986011e-05,0.8419419080018997
1.2449976492313391e-05,0.9358511492609978
1.5824852013231803e-05,0.8120481669902802
1.697131985087007e-05,0.8677428811788559
1.4504197430799137e-05,1.0370550900697708
1.3986694328689282e-05,0.931407704949379
1.2989129737606436e-05,1.0068646911531687
1.2283510930313546e-05,0.9166366308927536
1.3033949591662791e-05,0.8121296167373657
1.4146853474985026e-05,0.9320533499121666
2.9397479524312334e-05,0.9557396173477173
1.4415405561660554e-05,0.7575012445449829
1.5513715770426567e-05,0.9361909702420235
1.3600505767870866e-05,0.8887295797467232
1.490631946332729e-05,0.8049013316631317
1.3390495086726e-05,0.7861045002937317
1.4148526495096698e-05,0.9343871995806694
1.1884423950840559e-05,1.01588698849082
1.3181979713516993e-05,0.9694226868450642
1.3697948667899041e-05,0.9503253810107708
1.3686862497194817e-05,0.6037024259567261
1.3508367151804868e-05,1.0514344237744808
1.3425773908413604e-05,0.7997517883777618
1.4223488509851105e-05,0.774457722902298
2.768889266244279e-05,0.7175819873809814
1.4481281963378373e-05,0.722446620464325
1.5904311477590725e-05,0.9433689340949059
1.2767696973579936e-05,0.9203850626945496
1.3478744374102209e-05,0.9344731569290161
1.418319166131518e-05,0.9720022026449442
2.712586923225558e-05,0.6231905817985535
6.388132502433542e-05,0.711825430393219
1.3027934869085039e-05,0.7924767583608627
1.3813507127750151e-05,0.7787146717309952
1.1754562688300469e-05,0.9290943518280983
1.543344045073221e-05,0.834722101688385
1.4383725163157232e-05,0.8895199000835419
1.1869891660787173e-05,0.957993246614933
1.4921281738764664e-05,1.0028708968311548
1.559171707136806e-05,0.8792148306965828
1.2821592102103082e-05,0.7688292562961578
1.2436377380840525e-05,0.9210481643676758
1.2576925118073326e-05,0.8980703428387642
1.324076739594317e-05,0.7841992080211639
1.572332643817611e-05,1.0050053047016263
1.3544292346220175e-05,0.9666108042001724
6.153055024067421e-05,0.9862892366945744
1.8241871580457516e-05,0.7068910598754883
1.263865402114496e-05,0.9505604542791843
1.2247109992300685e-05,0.8840327635407448
1.4722292924171566e-05,0.9958302658051252
5.07506923445321e-05,0.7244728803634644
1.3814350251398875e-05,0.8320558071136475
1.3588669059048335e-05,1.0040595587342978
1.3049371884873454e-05,0.968079075217247
1.3283250209484928e-05,0.9567200802266598
1.2071447503054966e-05,0.9755272623151541
1.2023067298313173e-05,0.8799379616975784
1.3888323169731117e-05,0.8418854773044586
0.00010444871693230668,0.46662211418151855
2.019657084315429e-05,0.8828733116388321
1.392633455410577e-05,0.9131582081317902
1.338582208220434e-05,0.8517992198467255
1.7519224568134128e-05,0.7584443390369415
1.1887858568806943e-05,0.7828132808208466
1.2925639778793717e-05,0.7862150967121124
1.5220173690687325e-05,0.9127737730741501
1.2987346097731765e-05,0.7546146661043167
1.3859611773539992e-05,1.005525534041226
1.1566126565698178e-05,0.7825009822845459
1.2095439485608859e-05,0.880947545170784
1.2686123314050328e-05,0.8747705221176147
1.2463008070922414e-05,0.9093214720487595
1.2711421804797239e-05,0.9367707967758179
1.3950127850960847e-05,0.940993182361126
1.3507001685489923e-05,0.8638163954019547
1.5396365629782764e-05,0.8496925532817841
1.2844710603051256e-05,0.8676989525556564
1.6240974746559473e-05,1.0021305847913027
1.2915351088491078e-05,0.7814036011695862
1.2477742912039449e-05,1.0048521310091019
1.4346024943447682e-05,1.002959462814033
1.86074908066358e-05,0.7543615996837616
1.5061732484115936e-05,0.8353175073862076
1.2864913672468088e-05,0.9820186328142881
1.2389310886348606e-05,0.8401709794998169
4.9689889466946147e-05,0.807587742805481
1.3062295867040279e-05,0.932583674788475
1.197811328652928e-05,0.8466785401105881
1.2830349957627734e-05,0.8509022295475006
1.8033908108769366e-05,0.9285240173339844
1.3111593862207326e-05,0.7823439389467239
1.6579640744718993e-05,0.9130290150642395
1.4531583105785498e-05,0.9624701291322708
1.2710597508161045e-05,1.0661155879497528
1.2798466388620712e-05,0.8260437399148941
1.3652121402158279e-05,0.7976020276546478
1.2144655246117216e-05,1.0387264974415302
1.319026670494729e-05,0.9614459052681923
1.223819001923204e-05,1.0523908585309982
1.2845212842913567e-05,0.8909384161233902
1.8699103140317686e-05,0.782342255115509
1.2632556670648907e-05,0.9272338300943375
1.1948997025591105e-05,0.7462733387947083
1.5325303417065768e-05,1.0305208191275597
1.4237616043660743e-05,0.8686713874340057
1.3461505126351649e-05,1.0707053691148758
1.2322887182293292e-05,0.7919392287731171
1.3707762647186173e-05,0.9173901528120041
1.2213344150004106e-05,0.9797924160957336
1.648237137462251e-05,0.7250664830207825
1.4934008631973406e-05,0.9496756121516228
2.142279092860331e-05,1.0510019361972809
1.1918121493580658e-05,0.7812734991312027
1.2339480240915442e-05,0.9519188031554222
1.3232473915666457e-05,1.0033029252663255
1.3680337737607894e-05,0.9498113989830017
1.3982359966919244e-05,0.8875472992658615
1.3158367125298574e-05,0.9811163805425167
1.3331907169864795e-05,1.0105359517037868
2.3878287889811644e-05,0.9702771417796612
1.8041029554715418e-05,0.959776196628809
1.279212114756151e-05,0.9251098781824112
1.2164151642877397e-05,0.8075882345438004
1.2967222819622e-05,0.9319106489419937
1.4424825609788912e-05,0.9986228831112385
1.3929761474348068e-05,0.9848848143592477
1.1692567891609747e-05,0.746920257806778
1.3510518685393558e-05,0.9726833458989859
1.2878956815657562e-05,0.9115007370710373
1.2642137820337066e-05,0.7279997766017914
1.3749029353230531e-05,1.0355913192033768
1.3701397787624486e-05,0.9718402344733477
1.6863548771596698e-05,0.7264279127120972
1.305075331840204e-05,0.9805078972131014
3.1647769626597624e-05,0.9011340588331223
1.2376604228775363e-05,0.9826692417263985
1.7358804517920093e-05,0.8025057762861252
1.53591308625258e-05,0.9155957400798798
1.2697658212380703e-05,0.7892799228429794
2.4371489020624763e-05,0.7407557368278503
1.2336656316050476e-05,0.7588723599910736
1.7311672142889575e-05,0.9598779641091824
1.3337197296366967e-05,0.974863963201642
1.3172466787298524e-05,0.9507433846592903
1.3337693353333748e-05,0.9972511604428291
1.842441558438768e-05,1.0374668203294277
1.2471021474729252e-05,0.8214141428470612
1.4368657866277684e-05,0.9306592643260956
1.7617538072752723e-05,0.8014872968196869
1.2443258145195369e-05,0.9600935913622379
1.4261125120970177e-05,0.9226175919175148
1.2731973750663783e-05,0.5757862627506256
1.3382490689873865e-05,0.7023811340332031
2.0386889574534187e-05,1.0271180681884289
1.418403029524115e-05,0.8539310395717621
1.2400351219091032e-05,0.9219570532441139
1.2788778959232297e-05,0.9596466943621635
1.7249559862902356e-05,0.8235800266265869
1.6024493884707112e-05,0.9646069034934044
1.1982786238405419e-05,1.0793883055448532
1.379411632474098e-05,0.8034259676933289
1.2601080493560282e-05,0.9229934513568878
1.3536673655170325e-05,1.0449280999600887
1.227076065228676e-05,0.9421027414500713
1.3320100975559583e-05,0.9771870616823435
1.4611904645714135e-05,0.917500838637352
1.268158727149926e-05,0.9359043538570404
1.4218294299901623e-05,0.8819750845432281
1.3571936356219011e-05,0.9104331657290459
1.794410007695376e-05,0.9361778125166893
1.2656492996608911e-05,0.9851508419960737
1.251965196752535e-05,0.9581890180706978
1.1642508038698824e-05,0.7977093458175659
1.5527481040224922e-05,0.9588450081646442
1.348454284670046e-05,0.8799895197153091
1.3485880320656624e-05,0.9196093380451202
1.2680208636060802e-05,0.9182100370526314
1.2279189104854182e-05,1.0555757097899914
1.2121282317499652e-05,0.9067499935626984
1.2672773845389342e-05,0.9436816200613976
1.289221610006412e-05,0.9794688895344734
1.2453657689675616e-05,1.0006234683096409
1.2329011431085611e-05,0.9965303502976894
1.5307205971859568e-05,0.6808542013168335
1.3013716872473224e-05,1.0056379167363048
1.2287424138044984e-05,0.9705998077988625
1.4749246413346261e-05,0.9893161077052355
1.336845944709085e-05,0.972905520349741
2.208601516626504e-05,0.7312508821487427
2.0273547543420344e-05,0.8686242550611496
1.6168234468500237e-05,0.7994231283664703
1.1536911460434267e-05,0.856520265340805
1.3768606255866092e-05,0.9305344521999359
1.3714862886541246e-05,0.73086017370224
1.286347830529671e-05,0.9698674418032169
1.24003157418923e-05,1.009150544181466
1.356976210110987e-05,0.9320285990834236
1.3251934558321958e-05,0.9156284108757973
1.95632000028673e-05,0.9686868526041508
1.4664043904877334e-05,0.9874565601348877
1.4396817318864386e-05,0.871628999710083
1.6823712383232114e-05,0.754263311624527
1.5418920373914316e-05,0.7579871714115143
1.4888688385760763e-05,0.9798419438302517
1.3061623205638903e-05,0.9339875727891922
1.4935603817552856e-05,0.8372582346200943
1.1806241464345863e-05,1.0086651239544153
1.2801969821418646e-05,1.0055544963106513
2.4351694966988377e-05,0.9324911162257195
1.5085350658121398e-05,0.8885839283466339
1.3350011655437204e-05,0.9788542408496141
1.4056401391944545e-05,0.8805434480309486
1.1811714692294696e-05,0.722433865070343
1.953825344926944e-05,0.9601929597556591
1.675628626910333e-05,0.7567754089832306
1.549685885998183e-05,0.9243525117635727
1.1449882872499555e-05,0.7557910084724426
1.4423670119540198e-05,0.9600665010511875
1.2741350827391825e-05,0.733431339263916
1.665394601167464e-05,0.9400782734155655
2.1512707341196493e-05,0.9971053069457412
1.2497797861037767e-05,0.9940558280795813
1.2164917299833532e-05,0.903798520565033
1.4217480757418685e-05,0.6174314618110657
1.5857301814003332e-05,0.9236618131399155
1.2417960425893891e-05,0.7909998595714569
1.7735133252439084e-05,0.8364779055118561
1.3452739819271679e-05,0.9678584560751915
1.216067199128995e-05,0.9745230637490749
4.447595614378929e-05,0.8196838796138763
1.3061398992869466e-05,1.0239938888698816
1.3220831423227143e-05,0.9142727702856064
2.2190668645859126e-05,0.6498319506645203
1.6243933290641987e-05,0.9636150524020195
1.3293286838514063e-05,1.0105979861691594
1.398636086854965e-05,0.7517752945423126
1.1495814117433001e-05,0.7717832177877426
1.4229037424477898e-05,0.7981993556022644
1.5774285845093836e-05,0.9141938537359238
1.4599048489262824e-05,0.9373936355113983
1.2945377539447476e-05,0.9140888005495071
1.3512167997010746e-05,0.9597140736877918
2.180447254324442e-05,0.7650832086801529
1.5062019762277226e-05,0.9190158396959305
1.5318129070834663e-05,0.704727977514267
1.244738843099645e-05,1.0141847282648087
1.28930398791114e-05,0.7215825617313385
1.2666043983945548e-05,0.9207857996225357
1.6756238329855644e-05,0.9060120284557343
1.3067790565275553e-05,0.9308169484138489
0.0008650177476806551,0.7710957229137421
2.0395329173462587e-05,0.8427681475877762
1.2799015643967293e-05,0.9103442206978798
5.7521281959485044e-05,0.7327861189842224
1.2405957891606711e-05,0.8693089187145233
1.2054421627170569e-05,0.8799379989504814
1.2711761236596357e-05,0.7441498637199402
1.2813891111937382e-05,0.9435608051717281
1.2676557185838079e-05,0.9516802690923214
1.2988089251246063e-05,0.9824986923485994
1.6581285203067315e-05,0.9095135480165482
2.0947008502977268e-05,0.7195347547531128
0.0005086888692967411,0.7949945628643036
1.5791836081538887e-05,0.9040880352258682
1.1023395462649646e-05,0.9429284036159515
2.119434442688634e-05,0.8277560174465179
1.2892720197410604e-05,0.7587342858314514
1.3915886326334303e-05,0.8014597594738007
1.2488099820264779e-05,0.7862763106822968
1.255287590202535e-05,0.8512334376573563
1.2792731130170795e-05,1.0116192400455475
1.4530668493619738e-05,0.9800958633422852
1.1685043543004862e-05,0.8091607242822647
1.354783197590192e-05,0.8957173824310303
2.0491776164371358e-05,1.0215475391596556
1.4929836318351122e-05,0.9632468558847904
1.3358009365053661e-05,0.982883894816041
1.2290951779429026e-05,0.9840806722640991
1.3989015431497945e-05,0.9627876169979572
1.2857480939779288e-05,1.0698629915714264
1.4530017213988252e-05,0.8152613341808319
6.0329524010562993e-05,0.876393273472786
1.6763430749886022e-05,0.8755776435136795
1.2907901525617744e-05,0.7240189909934998
1.6516374197197048e-05,0.836164653301239
2.367516901815033e-05,0.818694680929184
1.4709493950641304e-05,0.8290275484323502
1.1275746914072627e-05,1.005187469534576
1.2058629844002478e-05,0.6099535226821899
1.394948928830963e-05,0.8839774653315544
1.4578137909633114e-05,0.9766138698905706
2.018950345375154e-05,0.9209265932440758
1.3569218591759123e-05,0.9610449858009815
1.3391784918867546e-05,0.8126160949468613
1.1853104845450828e-05,0.9606276303529739
1.3552018717054468e-05,0.9086282327771187
3.0422022123174526e-05,0.8927322179079056
1.6724181741902822e-05,0.6944282054901123
1.5826632912332157e-05,0.9812906421720982
1.1883279298712953e-05,0.8194369077682495
2.1538079665757257e-05,0.9820515606552362
1.2791620983525035e-05,1.009743127040565
1.3607628314096524e-05,0.9699040036648512
1.4132182552992104e-05,0.932528018951416
1.3895371166125883e-05,0.8622239083051682
1.3609081823451375e-05,0.9716874212026596
1.325457613475291e-05,0.9046333730220795
1.2272445879854675e-05,0.788636326789856
1.2075385280113447e-05,0.9951563999056816
5.130875698408592e-05,0.9331563115119934
